loss,accuracy
3.9643959999084473,0.7498499751091003
0.4710371494293213,0.8734666705131531
0.48715940117836,0.8722333312034607
37.26972579956055,0.785016655921936
1.2745696306228638,0.8323000073432922
