loss,accuracy
0.7951644659042358,0.775866687297821
0.7145987749099731,0.813966691493988
0.7157047390937805,0.8120999932289124
0.7119060754776001,0.8105666637420654
0.7493154406547546,0.8030333518981934
