loss,accuracy
8.164360046386719,0.7322999835014343
0.7756744623184204,0.8424500226974487
0.46820202469825745,0.8745333552360535
0.5856114625930786,0.8603333234786987
41.83344650268555,0.7841500043869019
